pseudonymous_id,rssi_dbm,timestamp,duration_seconds
65d97f13d327,-60,2026-08-13T18:13:27,0.0
770e1139f2cf,-66,2026-08-13T18:13:27,0.0
b91a50453f9f,-64,2026-08-13T18:13:27,0.0
54ccc5a9b008,-76,2026-08-13T18:13:29,0.0
b91a50453f9f,-64,2026-08-13T18:13:29,2.1
01f8558c0f98,-72,2026-08-13T18:13:29,0.0
9f1944103081,-76,2026-08-13T18:13:29,0.0
770e1139f2cf,-74,2026-08-13T18:13:29,2.1
a2648217532d,-74,2026-08-13T18:13:29,0.0
b91a50453f9f,-64,2026-08-13T18:13:31,4.1
06c3ace2bca4,-80,2026-08-13T18:13:31,0.0
3c78e376886d,-80,2026-08-13T18:13:33,0.0
65d97f13d327,-68,2026-08-13T18:13:33,6.1
01f8558c0f98,-76,2026-08-13T18:13:33,4.1
b91a50453f9f,-70,2026-08-13T18:13:33,6.1
06c3ace2bca4,-76,2026-08-13T18:13:33,2.0
06c3ace2bca4,-74,2026-08-13T18:13:36,4.1
36e0d9641496,-74,2026-08-13T18:13:36,0.0
9332ebecfb8e,-68,2026-08-13T18:13:36,0.0
65d97f13d327,-64,2026-08-13T18:13:38,10.3
01f8558c0f98,-78,2026-08-13T18:13:38,8.2
06c3ace2bca4,-74,2026-08-13T18:13:40,8.2
4b814e701a4d,-74,2026-08-13T18:13:40,0.0
c200ce3fd831,-78,2026-08-13T18:13:40,0.0
65d97f13d327,-62,2026-08-13T18:13:40,12.3
01f8558c0f98,-72,2026-08-13T18:13:40,10.2
65d97f13d327,-62,2026-08-13T18:13:42,14.4
9332ebecfb8e,-68,2026-08-13T18:13:42,6.2
c200ce3fd831,-78,2026-08-13T18:13:42,2.1
06c3ace2bca4,-74,2026-08-13T18:13:42,10.3
65d97f13d327,-58,2026-08-13T18:13:44,16.4
06c3ace2bca4,-80,2026-08-13T18:13:44,12.3
4b814e701a4d,-74,2026-08-13T18:13:44,4.1
06c3ace2bca4,-74,2026-08-13T18:13:46,14.4
b91a50453f9f,-66,2026-08-13T18:13:48,0.0
9332ebecfb8e,-68,2026-08-13T18:13:48,12.3
65d97f13d327,-58,2026-08-13T18:13:50,22.6
b91a50453f9f,-66,2026-08-13T18:13:50,2.0
9f1944103081,-78,2026-08-13T18:13:52,0.0
b91a50453f9f,-66,2026-08-13T18:13:54,6.1
65d97f13d327,-60,2026-08-13T18:13:54,26.6
01f8558c0f98,-76,2026-08-13T18:13:56,0.0
b91a50453f9f,-70,2026-08-13T18:13:56,8.2
06c3ace2bca4,-80,2026-08-13T18:13:56,0.0
65d97f13d327,-60,2026-08-13T18:13:56,28.7
c200ce3fd831,-78,2026-08-13T18:13:58,0.0
4b814e701a4d,-76,2026-08-13T18:13:58,0.0
9332ebecfb8e,-74,2026-08-13T18:13:58,0.0
06c3ace2bca4,-76,2026-08-13T18:13:58,2.1
65d97f13d327,-62,2026-08-13T18:13:58,30.7
